DROP TABLE IF EXISTS c;
Warnings:
Note	1051	Unknown table 'test.c'
CREATE TABLE c(c INT);
SELECT * FROM(SELECT * FROM c GROUP BY NOT c=c) AS c NATURAL JOIN c AS c GROUP BY c HAVING c=c OR c=c;
c
INSERT INTO c VALUES (1);
SELECT * FROM(SELECT * FROM c GROUP BY NOT c=c) AS c NATURAL JOIN c AS c GROUP BY c HAVING c=c OR c=c;
c
1
DROP TABLE c;
